List of wealthiest families


# List of wealthiest families



Various lists of **the richest families** (excluding royal families or autocratic ruling dynasties) are published internationally, by *Forbes* as well as other business magazines.

There is a distinction between wealth held by identifiable individual billionaires or a "nuclear family" and the wider notion of an extended family or a historical "dynasty," where the wealth of a historically family-owned company or business like the Scudder family has become distributed between various branches of descendants, usually throughout decades, ranging from several individuals to hundreds of offspring (such as the Rothschild family). According to Bloomberg, the world's 25 richest families control more than $1.4 trillion (1,400,000,000,000) of wealth.


## Contemporary rankings

*Note: The list includes families who, according to reliable sources, have a combined net worth of 5 billion US dollars and above.*

| Family name | Notable members | Combined wealth in US$ billions (estimated) | Source of wealth | Country or region |
| --- | --- | --- | --- | --- |
| Walton | Jim Walton, S. Robson Walton, Alice Walton, Lukas Walton, Christy Walton, Nancy Walton Laurie, Ann Walton Kroenke (Sam Walton, Bud Walton) | 289.8 (2024) | Walmart, Sam's Club | United States |
| Wallenberg | Marcus Wallenberg Jr., Jacob Wallenberg (1892–1980), Marcus Wallenberg Sr., Gustaf Oscar Wallenberg, Marc Wallenberg, Peter Wallenberg Sr., Jacob Wallenberg, Peter Wallenberg Jr., Marcus Wallenberg, Raoul Wallenberg. André Oscar Wallenberg, Knut Agathon Wallenberg. | 278 (2024) (The market value of all the companies combined controlled by the Wallenbergs is $900bn) | SEB, Ericsson, Nasdaq, EQT, Investor AB, SKF, Astra Zeneca, Electrolux, ABB, Saab AB, Husqvarna, Wärtsilä, Atlas Copco, Stora Enso, Epiroc, Höganäs AB, Munters Group, Wallenberg Foundations, etc. | Sweden |
| Arnault | Bernard Arnault, Delphine Arnault, Antoine Arnault | 233 (2024) | LVMH | France |
| Koch | Julia Koch, Charles Koch, Bill Koch (Fred C. Koch, David Koch, Frederick R. Koch) | 124.8 (2024) | Koch Industries | United States |
| Ortega | Amancio Ortega, Sandra Ortega Mera (Rosalía Mera) | 120.1 (2024) | Inditex (including Zara) | Spain |
| Ambani | Mukesh Ambani, Nita Ambani, Isha Ambani, Anand Ambani, Akash Ambani, Anil Ambani, Tina Ambani, Jai Anmol Ambani, Jai Anshul Ambani | 116 (2024) | Reliance Industries, Reliance Jio Infocomm, Reliance Retail, Reliance Power, Reliance Infrastructure, Reliance Capital, Reliance Entertainment | India |
| Mars | Jacqueline Mars, John Franklyn Mars, Marijke Mars, Pamela Mars-Wright, Valerie Mars, Victoria Mars (Franklin Clarence Mars) | 115.4 (2024) | Mars Inc. | United States |
| Adani | Gautam Adani, Priti Adani, Karan Adani, Jeet Adani, Vinod Adani, Pranav Adani, Rajesh Adani | 111 (2024) | Adani Group, Adani Enterprises, Adani Ports & SEZ, Adani Green Energy, Adani Power, Ambuja Cements, NDTV | India |
| Slim | Carlos Slim, Carlos Slim Domit, Patrick Slim, Julián Slim | 102 (2024) | Telmex, América Móvil, Grupo Carso | Mexico |
| Bettencourt | Françoise Bettencourt Meyers | 99.5 (2024) | L'Oréal | France |
| Hermes | Pierre-Alexis Dumas, Axel Dumas | 94.6 (2022) | Hermès | France |
| Merck | Emanuel Merck, Johannes Freiherr von Baillou, Frank Stangenberg-Haverkamp, Jon Baumhauer | 81 (2022) | Merck KGaA | Germany |
| Wertheimer | Alain Wertheimer, Gérard Wertheimer | 73.6 (2024) | Chanel | France |
| Thomson | David Thomson, Peter Thomson, Kenneth Thomson (Roy Thomson) | 67.8 (2024) | Thomson Reuters, The Woodbridge Company | Canada |
| Aponte | Gianluigi Aponte, Rafaela Aponte-Diamant | 66.2 (2024) | Mediterranean Shipping Company (MSC) | Switzerland Italy Israel |
| Cargill-MacMillan | Pauline MacMillan Keinath, Gwendolyn Sontheim Meyer, Austen Cargill, II., James Cargill, II., Marianne Liebmann, Alexandra Daitch, Sarah MacMillan, Lucy Stitzer, Cargill MacMillan, III., John MacMillan, Martha MacMillan, William MacMillan (William Wallace Cargill, Austen Cargill, James R. Cargill, Marion MacMillan Pictet, Cargill MacMillan Sr., Cargill MacMillan Jr, John H. MacMillan Sr., John H. MacMillan, John Hugh MacMillan, Whitney MacMillan, Whitney Duncan MacMillan) | 56.2 (2024) | Cargill | United States |
| Hoffmann, Oeri | Maja Oeri, Fritz Hoffmann-La Roche | 53.8 (2024) | Roche, Genentech | Switzerland |
| Quandt | Stefan Quandt, Susanne Klatten (Herbert Quandt, Johanna Quandt) | 53.8 (2024) | BMW | Germany |
| Van Damme, De Spoelberch, De Mevius | Three families, the collective enterprise of which has roots in the 14th century | 52.9 (2019) | Anheuser-Busch InBev | Belgium |
| Porsche/Piëch | Hans Michel Piëch, Wolfgang Porsche | 52.8 | Volkswagen Group | Austria |
| Hartono | Robert Budi Hartono, Michael Bambang Hartono, Armand Wahyudi Hartono, Martin Hartono, Victor Hartono | 52 (2024) | Djarum, Bank Central Asia | Indonesia |
| Boehringer/Von Baumbach | Albert Boehringer, Hubertus von Baumbach | 51.9 (2019) | Boehringer Ingelheim | Germany |
| Besnier | Emmanuel Besnier, Jean-Michel Besnier, Marie Besnier Beauvalot | 43.3 (2024) | Lactalis | France |
| Pritzker | Thomas Pritzker, Karen Pritzker, Jean (Gigi) Pritzker, Anthony Pritzker, Penny Pritzker, J.B. Pritzker, John Pritzker, Daniel Pritzker, Jennifer Pritzker, Linda Pritzker, Matthew Pritzker, Nicholas Pritzker, Liesel Pritzker Simmons, Adam Pritzker (Nicholas Pritzker) | 43.1 (2024) | Hyatt Corporation, Marmon Group | United States |
| Ofer | Eyal Ofer, Idan Ofer, Liora Ofer (Sammy Ofer) | 41.7 (2024) | Real estate, shipping, investments | Israel |
| Chearavanont | Dhanin Chearavanont, Suphachai Chearavanont, Korawad Chearavanont | 37.9 (2019) | Charoen Pokphand | Thailand |
| Johnson | Abigail Johnson, Edward Johnson IV, Elizabeth Johnson (Edward C. Johnson III) | 37 (2024) | Fidelity Investments | United States |
| Cox | Anne Cox Chambers, James M. Cox | 36.9 (2019) | Cox Enterprises Co. | United States |
| Rinehart | Gina Rinehart, Bianca Rinehart, Ginia Rinehart (Lang Hancock) | 35 (2024) | Hancock Prospecting | Australia |
| Cathy | Bubba Cathy, Dan Cathy, Trudy Cathy White (Truett Cathy) | 33.6 (2024) | Chick-fil-A | United States |
| Jindal | Savitri Jindal, Naveen Jindal, Sajjan Jindal (O.P. Jindal) | 33.5 (2024) | Jindal Group | India |
| Dassault | Laurent Dassault, Thierry Dassault, Marie-Hélène Habert-Dassault, Helena Dassault, Remi Dassault (Marcel Dassault, Serge Dassault, Olivier Dassault) | 33.2 (2024) | Dassault Group, diversified | France |
| Mulliez | Gérard Mulliez, Michel Leclercq | 33 (2019) | Auchan, Decathlon, Association Familiale Mulliez, and hundreds of other family members | France |
| S. C. Johnson | S. Curtis Johnson | 33 (2019) | S. C. Johnson & Son | United States |
| Adelson | Miriam Adelson (Sheldon Adelson) | 32 (2024) | Las Vegas Sands | Israel United States |
| Pinault | François Pinault, François-Henri Pinault | 31.6 (2024) | Kering | France |
| Hoffmann/Oeri | Fritz Hoffmann-La Roche, André Hoffmann | 31.3 (2019) | Roche | Switzerland |
| Albrecht | Karl Albrecht, Theo Albrecht (Berthold Albrecht) | 29.9 (2024) | Aldi, Trader Joe's | Germany |
| Ferrero | Michele Ferrero, Maria Franca Fissolo, Giovanni Ferrero, Pietro Ferrero Jr. | 29.8 (2019) | Ferrero SpA | Italy |
| Del Vecchio | Claudio Del Vecchio, Clemente Del Vecchio, Leonardo Maria Del Vecchio, Luca Del Vecchio, Marisa Del Vecchio, Paola Del Vecchio (Leonardo Del Vecchio) | 28.2 (2024) | EssilorLuxottica | Italy |
| Henkel | Friedrich Karl Henkel, Simone Bagel-Trah | 28.1 (2017) | Henkel | Germany |
| Hearst | William Randolph Hearst and numerous others | 28 (2016) | Hearst Corporation | United States |
| Larrea Mota Velasco | Germán Larrea Mota Velasco, Jorge Larrea, Sara Mota De Larrea | 27.9 (2024) | Grupo Mexico (mining) | Mexico |
| Lauder | Leonard Lauder, Ronald Lauder, Jane Lauder, William Lauder, Aerin Lauder (Estée Lauder) | 27.4 (2024) | Estée Lauder | United States |
| Saadé | Jacques Saadé, Jr., Rodolphe Saadé, Tanya Saadé Zeenny (Jacques Saadé) | 26.7 (2024) | CMA CGM | France Lebanon |
| Schaeffler | Georg F. W. Schaeffler (Georg Schaeffler Jr.), Maria-Elisabeth Schaeffler, Georg Schaeffler Sr. | 25.9 (2017) | Schaeffler Group | Germany Austria |
| Lee (Byung-chul) | Jay Y. Lee, Hong Ra-hee, Lee Boo-jin, Lee Seo-hyun, Hong Seok-joh, Chung Yong-jin, Hong Seok-hyun, Lee Myung-hee, Lee Jay-hyun, Lee in-hee (Lee Byung-chul, Lee Kun-hee) | 25.6 (2024) | Samsung, Shinsegae, CJ, Hansol, JoongAng Group, BGF Group | South Korea |
| Kristiansen | Sofie Kirk Kristiansen, Thomas Kirk Kristiansen, Agnete Kirk Thinggaard, Kjeld Kirk Kristiansen (Ole Kirk Christiansen | 25.5 (2024) | The Lego Group | Denmark |
| Moreira Salles | Fernando Roberto Moreira Salles, Pedro Moreira Salles, João Moreira Salles, Walter Moreira Salles Jr. (Walter Moreira Salles) | 25.3 (2024) | Banking | Brazil |
| Otto | Alexander Otto, Michael Otto, Katharina Otto-Bernstein, Maren Otto, Benjamin Otto (Werner Otto) | 25.3 (2024) | Otto Group | Germany |
| Damani | Radhakishan Damani, Gopikishan Damani | 24.6 (2024) | DMart | India |
| Lee (Shau Kee) | Lee Shau Kee | 24.1 (2016) | Henderson Land Development | Hong Kong |
| Persson | Stefan Persson, Lottie Tham, Karl-Johan Persson, Tom Persson, Charlotte Soderstrom (Erling Persson) | 23.7 (2024) | H&M | Sweden |
| Brenninkmeijer | Clemens Brenninkmeijer, August Brenninkmeyer, Stephan Brenninkmeijer, Philippe Brenninkmeyer, Erik Brenninkmeijer | 23.4 (2017) | Cofra Group, C&A | Germany Netherlands |
| Cheng | Cheng Yu-tung, Henry Cheng, Adrian Cheng | 22.5 (2017) | Hong Kong |
| Reimann | Wolfgang Reimann, Matthias Reimann-Andersen, Stefan Reimann-Andersen, Renate Reimann-Haas (Albert Reimann) | 22.4 (2024) | JAB Holding Company | Germany |
| Bajaj | Rajiv Bajaj, Sanjiv Bajaj, Madhur Bajaj, Niraj Bajaj, Shekhar Bajaj (Jamnalal Bajaj, Rahul Bajaj) | 21.8 (2024) | Bajaj Group | India |
| Rausing | Finn Rausing, Jorn Rausing, Kirsten Rausing (Hans Rausing) | 21.6 (2024) | Tetra Laval | Sweden |
| Duncan | Dan Duncan, Randa Williams, Milane Frantz, Dannine Avara, Scott\_Duncan | 21.5 (2016) | Enterprise Products | United States |
| Tsai (Wan-Tsai) | Daniel Tsai, Richard Tsai, Tsai Hong-tu, Tsai Cheng-ta, T.Y. Tsai (Tsai Wan-lin) | 20.9 (2024) | Cathay United Bank, Cathay Life Insurance | Taiwan |
| Safra | Vicky Safra (Jacob Safra, Joseph Safra, Moise Safra, Lily Safra) | 20.6 (2024) | Fibria, Chiquita Brands International, Safra Group, Banco Safra, J. Safra Sarasin, Safra National Bank of New York | Syria Lebanon Brazil Greece Switzerland |
| Mistry | Shapoor Mistry, Firoz Mistry, Zahan Mistry (Shapoorji Mistry, Cyrus Mistry) | 19.7 (2024) | Shapoorji Pallonji Group | India Ireland |
| Struengmann | Andreas Struengmann, Thomas Struengmann | 19.6 (2024) | BioNTech | Germany |
| Reuben | David Reuben, Simon Reuben | 19.2 (2024) | Real estate, financial services, commodity trading | United Kingdom |
| Chirathivat | Tiang Chirathivat (Cheng) | 19.3 (2017) | Central Group | Thailand |
| Blocher | Rahel Blocher, Magdalena Martullo-Blocher, Markus Blocher, Miriam Baumann-Blocher (Christoph Blocher) | 18.8 (2024) | Ems-Chemie, Dottikon ES Holding | Switzerland |
| Ziff | Daniel Ziff, Dirk Ziff, Robert Ziff (William Bernard Ziff Jr.) | 18.6 (2024) | Publishing, Ziff Davis, Ziff Brothers Investments | United States |
| Newhouse | Samuel Irving Newhouse Jr., Donald Newhouse | 18.5 (2016) | Advance Publications | United States |
| Mittal | Lakshmi Mittal, Aditya Mittal and Pramod Mittal | 18.3 (2021) | ArcelorMittal | India |
| Bukhman | Dmitri Bukhman, Igor Bukhman | 18 (2024) | Online games | Israel |
| Herz | Michael Herz, Wolfgang Herz, Christian Herz, Michaela Herz | 18 (2024) | Tchibo, Beiersdorf, Mayfair SE | Germany |
| Stryker | Ronda Stryker, Jon Stryker, Pat Stryker (Homer Stryker) | 17.5 (2024) | Stryker Corporation | United States |
| Hunt | Ray Lee Hunt, W. Herbert Hunt, Clark Hunt, Daniel Hunt, Lamar Hunt, Jr., Sharron Hunt (H. L. Hunt) | 17.5 (2024) | Hunt Oil Company, Hunt Petroleum, Kansas City Chiefs | United States |
| Bertarelli | Ernesto Bertarelli, Dona Bertarelli | 17.4 (2024) | Serono | Italy Switzerland |
| Hariri | Rafic Hariri, Bahia Hariri, Bahaa Hariri, Saad Hariri, Ayman Hariri, Fahd Hariri, Hind Hariri | 17 (2017) | Arab Bank, GroupeMed, Saudi Oger, The Daily Star, Future TV | France Lebanon Saudi Arabia |
| Kuok | Robert Kuok | 16.6 (2017) | Kuok Group | Malaysia |
| Meijer | Doug Meijer, Hank Meijer, Mark Meijer (Hendrik Meijer) | 16.5 (2024) | Meijer | United States |
| Braun | Anna Maria Braun, Otto Phillip Braun, Barbara Braun-Lüdicke | 16 (2024) | B. Braun | Germany |
| Tschira | Gerda Tschira, Harald Tschira, Udo Tschira (Klaus Tschira) | 15.6 (2024) | SAP | Germany |
| Fertitta | Tilman Fertitta, Frank Fertitta, III., Lorenzo Fertitta | 15.5 (2024) | Houston Rockets, UFC | United States |
| Godrej | Smita Crishna-Godrej, Adi Godrej, Jamshyd Godrej, Nadir Godrej, Pirojsha Adi Godrej | 15.2 (2024) | Godrej Group, Godrej and Boyce | India |
| Pratt | Anthony Pratt, Fiona Geminder, Heloise Pratt (Richard Pratt, Leon Pratt) | 14.9 (2024) | Visy | Australia |
| Chao | Albert Chao, James Chao, Dorothy Chao Jenkins (Ting Tsung Chao) | 14.7 (2024) | Westlake Corporation | United States |
| Collison | John Collison, Patrick Collison | 14.4 (2024) | Stripe | Ireland |
| Sy | Hans Sy, Henry Sy Jr., Herbert Sy, Harley Sy, Teresita Sy Coson, Elizabeth Sy (Henry Sy) | 14.4 (2024) | SM Investments Corporation | Philippines |
| Du Pont | List of family members | 14.3 (2016) | Real estate, DuPont Chemical Company | United States |
| Ng | Philip Ng, Robert Ng (Ng Teng Fong) | 14.3 (2024) | Far East Organization | Singapore |
| Saji | 14.2 (2017) | Suntory | Japan |
| Heineken | Charlene de Carvalho-Heineken | 14.1 (2024) | Heineken | Netherlands |
| Birla | Kumar Mangalam Birla, Ananya Birla, Aryaman Birla, Chandra Kant Birla, Shobhana Bhartia, Yashovardhan Birla, Madhav Prasad Birla | 14.1 (2017) | Birla Institute of Technology & Science, Aditya Birla Group, Grasim Industries, CK Birla Group, Yash Birla Group, The Hindustan Times, M.P Birla Group | India |
| Coates | Denise Coates, John Coates, Peter Coates | 13.8 (2024) | Bet365 | United Kingdom |
| Bass | Robert Bass, Sid Bass, Ed Bass, Lee Bass (Sid Richardson) | 13.8 (2024) | Oak Hill Capital (energy, development) | United States |
| Goldman | Sol Goldman, Amy Goldman Fowler | 13.7 (2016) | Solil Management | United States |
| Arison | Micky Arison, Shari Arison (Ted Arison) | 13.5 (2024) | Carnival Cruises | Israel United States |
| Salinas Pliego | Ricardo Salinas Pliego | 13.4 (2024) | TV Azteca, Grupo Elektra | Mexico |
| Busch | Adolphus Busch, Adolphus Busch III, August Anheuser Busch Sr., August Busch III, August Busch IV | 13.4 (2016) | Anheuser-Busch | United States |
| Pao | 13.4 (2017) | BW Group | Hong Kong |
| Yoovidhya | Chalerm Yoovidhya | 13.1 (2017) | Red Bull | Thailand |
| Sackler | Arthur M. Sackler, Mortimer Sackler, Raymond Sackler, Richard Sackler | 13 (2016) | Purdue Pharma, Oxycontin | United States |
| Dangoteᵘⁿʳᵉˡⁱᵃᵇˡᵉ ˢᵒᵘʳᶜᵉ? | Aliko Dangote, Sani Dangote | 13.1 (2017) | Dangote Group | Nigeria |
| Roig-Herrero | Juan Roig, Hortensia Herrero, Fernando Roig, Fernando Masaveu Herrero | 12.9 (2024) | Mercadona | Spain |
| Kwok | Geoffrey Kwok, Jonathan Kwok, Adam Kwok, Thomas Kwok, Christopher Kwok, Edward Kwok, Raymond Kwok (Kwok Tak-Seng, Kwong Siu-hing) | 12.8 (2024) | Sun Hung Kai Properties | Hong Kong |
| Powell-Jobs | Laurene Powell Jobs (Steve Jobs) | 12.8 (2024) | Apple Inc., Disney | United States |
| Sawiris | Nassef Sawiris, Naguib Sawiris, Samih Sawiris (Onsi Sawiris) | 12.6 (2024) | Orascom Construction Industries, Orascom Telecom Holding, Orascom Development, Orascom Group | Egypt |
| Jacobs | Johann Jacobs, Walther J. Jacobs, Klaus Johann Jacobs | 12.5 (2018) | Jacobs, Barry Callebaut, The Adecco Group | Germany Switzerland |
| Schindler | 12.5 (2018) | Schindler Group | Switzerland |
| Weston | Guy Weston, George Weston, Galen Weston Jr., W. Garfield Weston, Garry Weston, George G. Weston, Alannah Weston, Kate Hobhouse, Jana Khayat, Emma Adamo | 12.3 (2013) | Loblaw Companies, George Weston Limited, Wittington Investments | Canada |
| Brown | George Garvin Brown IV | 12.3 (2016) | Brown-Forman | United States |
| Marshall | J. Howard Marshall II, Elaine Tettemer Marshall | 12 (2016) | Koch Industries | United States |
| Prada | Miuccia Prada, Alberto Prada, Marina Prada (Mario Prada) | 11.8 (2024) | Prada | Italy |
| Mehta | Samir Mehta, Sudhir Mehta | 11.6 (2024) | Torrent Group | India |
| Del Pino | Rafael Del Pino, Maria Del Pino, D. Leopoldo Del Pino | 11.5 (2024) | Ferrovial S.A. | Spain |
| Mellon | Andrew Mellon, Matthew Mellon, Christopher Mellon | 11.5 (2016) | Mellon Bank | United States |
| Garcia | Ernest Garcia, II., Ernest Garcia, III | 11.3 (2024) | Carvana | United States |
| Von Schwangau | Karl Von Schwangau III, Ludwig Von Schwangau Jr, Karl Von Schwangau IV | 11.3 (2017) | Knorr-Bremse, Vossloh, BlackRock | Germany United States |
| Resnick | Lynda Resnick, Stewart Resnick | 11.2 (2024) | Agriculture | United States |
| Schörling | Sofia Högberg Schörling, Märta Schörling Andreen (Melker Schörling) | 11.2 (2024) | Melker Schörling AB (MSAB) | Sweden |
| Rocca | Gianfelice Rocca, Paolo Rocca (Agostino Rocca) | 11.2 (2024) | Techint Group | Italy |
| Butt | Charles Butt | 11 (2016) | HEB Grocery Company | United States |
| Kadoorie | Michael Kadoorie | 11 (2017) | CLP Holding | Hong Kong |
| Dos Santos | José Eduardo dos Santos, Isabel dos Santos, José Filomeno dos Santos, Coréon Dú | 11 (2017) | Angola |
| Rockefeller | List of family members | 11 (2016) | Standard Oil Company, Chase Manhattan Bank | United States |
| Würth | Adolf Würth, Reinhold Würth, Bettina Würth | 10.8 (2016) | Würth Gruppe | Germany |
| Gallo | Ernest Gallo, Julio Gallo | 10.7 (2016) | E & J Gallo Winery | United States |
| Uihlein | Elizabeth Uihlein, Richard Uihlein | 10.4 (2024) | Uline | United States |
| Widjaja | Eka Tjipta Widjaja, Frankie Widjaja, Franky Oesman Widjaja, Teguh Ganda Widjaja, Indra Widjaja, Sukmawati Widjaja | 10.4 (2017) | Sinar Mas Group | Indonesia |
| Glazer | Avram Glazer, Bryan Glazer, Edward Glazer, Joel Glazer, Kevin Glazer, Darcie Glazer Kassewitz | 10.2 (2024) | Manchester United, Tampa Bay Buccaneers | United States |
| Benetton | Giuliana Benetton, Luciano Benetton, Sabrina Benetton, Barbara Benetton (Carlo Benetton, Gilberto Benetton) | 10.1 (2024) | Benetton Group | Italy |
| Kulibaev | Timur Kulibaev, Dinara Kulibaeva | 10 (2024) | Halyk Bank | Kazakhstan |
| Lohia | Sri Prakash Lohia, Aloke Lohia (Mohan Lal Lohia, Seema Lohia) | 9.9 (2024) | Indorama Corporation | Indonesia India |
| Chung (Ju-yung) | Chung Mong-koo, Chung Eui-sun, Chung Mong-joon, Chung Mong-gyu, Chung Mong-won | 9.8 (2024) | Hyundai Motor Group, Hyundai Heavy Industries, Hyundai Department Store Group, Halla Group, HDC Group, KCC Corporation | South Korea |
| Gutserievs | 9.8 (2016) | BIN Group | Russia |
| Tisch | Jonathan Tisch, Wilma Tisch, Laurie Tisch, Steven Tisch, James Tisch, Andrew Tisch (Laurence Tisch, Bob Tisch) | 9.6 (2024) | Loews, New York Giants | United States |
| Oppenheimer | Nicky Oppenheimer (Ernest Oppenheimer) | 9.5 (2024) | De Beers | South Africa |
| Coppel Luken | Enrique Coppel Luken, Rubén Coppel Luken, Alberto Coppel Luken, José Coppel Luken, Agustín Coppel Luken | 9.5 (2024) | Grupo Coppel | Mexico |
| Grosvenor | Hugh Grosvenor, 7th Duke of Westminster | 9.5 (euros, 2017) | Grosvenor Group | United Kingdom |
| Liebherr | Hans Liebherr, Hans Liebherr jr., Willi Liebherr, Markus Liebherr, Isolde Liebherr, Hubert Liebherr | 9.5 (2018) | Liebherr Group | Germany Switzerland |
| Livingstone | Ian Livingstone, Richard Livingstone | 9.4 (2024) | Real estate | United Kingdom |
| Dorrance | Mary Alice Dorrance Malone, Bennett Dorrance, John Dorrance, III. (John Thompson Dorrance, Dorrance Hill Hamilton) | 9.4 (2024) | Campbell Soup Company | United States |
| Alfond | Bill Alfond, Susan Alfond, Ted Alfond (Harold Alfond, Peter Alfond) | 9.3 (2024) | Dexter Shoe Company | United States |
| Shoen | Mark Shoen, Joe Shoen | 9.3 (2024) | U-Haul | United States |
| Xie | Ken Xie, Michael Xie | 9.3 (2024) | Fortinet | United States |
| Herlin | Antti Herlin, Ilkka Herlin, Ilona Herlin, Heikki Herlin (Heikki H. Herlin) | 9.2 (2024) | Kone, Cargotec | Finland |
| Rogers | Edward S. Rogers Jr., Edward S. Rogers III | 9.13 (2017) | Rogers Communications | Canada |
| Burman | Vivek Chand Burman, Anand Burman, Amit Burman, Saket Burman, Pradip Burman | 9 (2024) | Dabur | India United Kingdom |
| Salim | Sudono Salim, Anthoni Salim, Axton Salim | 8.8 (2017) | Salim Group | Indonesia |
| Kwek | Kwek Leng Beng, Kwek Leng Kee, Kwek Leng Keow, Kwek Leng Peck (Kwek Hong Png) | 8.7 (2024) | Hong Leong Group | Singapore |
| Koo (In-hwoi) family | Koo In-hwoi, Koo Cha-kyung, Koo Bon-moo, Koo Bon-joon, Koo-Bon sik, Koo Bon-neung, Koo Kwang-mo, etc. | 8.7 (2017) | LG Group, LS Group, LIG Group, LT Group, LX Group, LF Group, Ourhome Corp, KleanNara | South Korea |
| Haefner | Martin Haefner, Eva Maria Bucher-Haefner | 8.4 (2024) | CA Technologies | Switzerland |
| Wilson | Alan Wilson, Bruce Wilson, John Wilson | 8.4 (2024) | Reece Group | Australia |
| Lee Man Tat | 8.4 (2017) | Food industry | Hong Kong |
| Bailleres Gual | Alejandro Baillères Gual (Alberto Baillères) | 8.1 (2024) | Grupo Bal (mining) | Mexico |
| Garavoglia | Luca Garavoglia, Alessandra Garavoglia | 8 (2024) | Campari Group | Italy |
| Haniel | Franz Markus Haniel | 8 (2017) | Franz Haniel & Cie., Metro AG, CWS-boco Gruppe | Germany |
| Koç | Semahat Sevim Arsel, Rahmi Koç, Suna Kıraç, Mustafa Vehbi Koç, Mehmet Ömer Koç, Ali Yıldırım Koç | 8 (2016) | Koç Holding | Turkey |
| Şahenk | 7-8 (2016) | Doğuş Holding | Turkey |
| Sabancı | Hacı Ömer Sabancı, İhsan Sabancı, Güler Sabancı, Sevgi Sabancı, Sakıp Sabancı, Sevil Sabancı, Ömer Sabancı, Mehmet Sabancı, Şevket Sabancı, Ali Sabancı, Özdemir Sabancı, Demir Sabancı | 7-8 (for each one of Şevket, Erol, and Türkan's families) (2016) | Sabancı Holding | Turkey |
| Simmons | Harold Simmons | 8 (2013) | Businessman, Titanium investments | United States |
| Olayan | 8 (2017) | Diversified, inheritance | Saudi Arabia |
| Berlusconi | Marina Berlusconi, Pier Silvio Berlusconi, Barbara Berlusconi, Eleonora Berlusconi, Luigi Berlusconi (Silvio Berlusconi, Paolo Berlusconi) | 7.8 (2024) | Fininvest | Italy |
| Law | 7.8 (2017) | Bossini | Hong Kong |
| Heraeus | Wilhelm Carl Heraeus, Jürgen Heraeus, Jan Rinnert | 7.7 (2017) | Heraeus | Germany |
| Irving | K. C. Irving, James K. Irving, Arthur Irving, John E. Irving, Sarah Irving, Robert Irving, Mary Jean Irving, Jean E. Irving, Judy Irving, John K. F. Irving, Colin D. Irving | 7.65 (2017) | Irving Group of Companies, Irving Oil, J. D. Irving | Canada |
| Fisher | John Fisher, Robert Fisher, Doris Fisher, William Fisher (Donald Fisher) | 7.6 (2024) | Gap Inc. | United States |
| Mori | 7.6 (2017) | Mori Building Company | Japan |
| Firmenich | Patrick Firmenich | 7.5 (2018) | Firmenich | Switzerland |
| Schmidheiny | Max Schmidheiny Stephan Schmidheiny, Thomas Schmidheiny | 7.5 (2018) | Diversified (Holcim, i.a.) | Switzerland |
| D'Ieteren | Nicolas D'Ieteren, Catheline Perier D'Ieteren | 7.3 (2024) | D'Ieteren | Belgium |
| Siemens | Werner von Siemens, Carl Wilhelm Siemens, Carl Heinrich von Siemens, Georg von Siemens, Arnold von Siemens, Georg Wilhelm von Siemens, Carl Friedrich von Siemens, Hermann von Siemens, Ernst von Siemens, Peter von Siemens, Nathalie von Siemens, Peter C. von Siemens | 7.3 (2017) | Siemens | Germany |
| Zekelman | Barry Zekelman, Clayton Zekelman, Alan Zekelman | 7.2 (2024) | Zekelman Industries | Canada |
| Singh Dhingra | Gurbachan Singh Dhingra, Kuldip Singh Dhingra | 7 (2024) | Berger Paints India | India |
| Lal | 7 (2017) | Eicher Group | India |
| Rotenberg | Arkady Rotenberg, Igor Rotenberg, Boris Rotenberg | 6.9 (2024) | Stroygazmontazh (S.G.M. Group) | Russia |
| Oetker | Alfred Oetker, Carl Ferdinand Oetker, Julia Oetker | 6.9 (2024) | Geschwister Oetker | Germany |
| Flick | Friedrich Karl Flick, Ingrid Ragger | 6.9 (euros, 2014) | Austria |
| Al Jaber | Mohamed Bin Issa Al Jaber | 6.76 (euros, 2017) | MBI International Holding Group | United Kingdom |
| Desmarais | Paul Desmarais | 6.71 (2017) | Power Corporation of Canada | Canada |
| Bangur | 6.7 (2017) | Shree Cement | India |
| Batista | Joesley Batista, Wesley Batista (José Batista Sobrinho) | 6.6 (2024) | JBS S.A. | Brazil |
| Engelhorn | Curt Engelhorn, Traudl Engelhorn-Vechiatto, | 6.5 (2018) | Pharmaceuticals firm Boehringer Mannheim | Germany |
| Kwee | Kwee Liong Keng, Kwee Liong Phing, Kwee Liong Seen, Kwee Liong Tek | 6.4 (2024) | Pontiac Land | Singapore |
| Khoo | 6.4 (2017) | Maybank | Singapore |
| Wertheimer | Stef Wertheimer | 6.3 (2024) | Iscar Metalworking | Israel |
| Perfetti | Giorgio Perfetti, Augusto Perfetti | 6.3 (2024) | Perfetti Van Melle | Italy |
| Johnson | Barbara Piasecka Johnson, Bertram and Diana Firestone, Mary Lea Johnson Richards, Casey Johnson, Jamie Johnson (filmmaker), John Seward Johnson II, John Seward Johnson I, Robert Wood Johnson I, Robert Wood Johnson II, Robert Wood Johnson III, Woody Johnson | 6.3 (2015) | Johnson & Johnson | United States |
| Chey (Tae-won) family | Chey Tae-won, Chey Ki-won | 6.3 (2017) | SK Group | South Korea |
| Wee | 6.25 (2017) | United Overseas Bank | Singapore |
| Marinho | João Roberto Marinho, José Roberto Marinho, Roberto Irineu Marinho (Roberto Marinho) | 6.2 (2024) | Grupo Globo, Rede Globo | Brazil |
| Sehgal | 6.15 (2017) | Auto parts | India |
| Wadia | 6.14 (2017) | Diversified | India |
| Zobel de Ayala | List of family members | 6.13 (2017) | Ayala Corporation | Philippines |
| Feffer | David Feffer, Daniel Feffer, Jorge Feffer, Ruben Feffer (Leon Feffer, Max Feffer) | 6.1 (2024) | Suzano (pulp and paper) | Brazil |
| Kushal Pal Singh | 6.1 (2017) | Real estate | India |
| Duff | James Duff, Thomas Duff | 6 (2024) | Duff Capital Investors | United States |
| Patel | 6 (2017) | Cadila Healthcare | India |
| Richardson | 5.95 (2017) | James Richardson & Sons | Canada |
| Mansour | Mohamed Mansour, Youssef Mansour, Yasseen Mansour (Loutfy Mansour) | 5.8 (2024) | Mansour Group | Egypt |
| Wirtgen | Jurgen Wirtgen, Stefan Wirtgen (Reinhard Wirtgen) | 5.8 (2024) | Wirtgen Group | Germany |
| Sands | Robert Sands, Richard Sands (Marvin Sands) | 5.7 (2024) | Liquor | United States |
| Mikati | Najib Mikati, Taha Mikati | 5.6 (2024) | M1 Group | Lebanon |
| Knauf | Karl Knauf, Christine Knauf, Robert Knauf, Martin Knauf, Alexander Knauf | 5.6 (2024) | Knauf Gips KG (building materials) | Germany |
| Fielmann | Marc Fielmann, Sophie Luise Fielmann (Guenther Fielmann) | 5.6 (2024) | Fielmann AG (optometry) | Germany |
| Ermirio de Moraes | Jose Roberto Ermirio de Moraes, Jose Ermirio de Moraes Neto, Neide Helena de Moraes, Clóvis Ermírio de Moraes (Jose Ermirio de Moraes, Antônio Ermírio de Moraes, Ermirio Pereira de Moraes, Maria Helena Moraes Scripilliti) | 5.6 (2024) | Votorantim Group | Brazil |
| Wynn | Steve Wynn, Elaine Wynn | 5.5 (2024) | Casinos (The Mirage, Treasure Island, Bellagio and Wynn Las Vegas) | United States |
| von Finck | August von Finck Sr., August von Finck Jr., August François von Finck | 5.5 (2018) | Merck Finck & Co., Mövenpick, Von Roll Holding, and investment in many other companies | Germany Switzerland |
| Hilti | Martin Hilti, Eugen Hilti | 5.5 (2018) | Hilti | Liechtenstein Switzerland |
| Marguerre | Wolfgang Marguerre, Frederic Marguerre, Tobias Marguerre | 5.5 (2018) | Octapharma | Germany Switzerland |
| Miele and Zinkann | Carl Miele, Reinhard Zinkann, Rudolf Miele, Peter Zinkann, Markus Miele, Reinhard Zinkann jr. | 5.5 (2017) | Miele | Germany |
| Winklevoss | Cameron Winklevoss, Tyler Winklevoss | 5.4 (2024) | Gemini | United States |
| Saputo | Lino Saputo, Francesco Saputo, Joey Saputo, Mirella Saputo | 5.4 (2024) | Saputo Inc. | Canada |
| Getty | J. Paul Getty, Sir Paul Getty, John Paul Getty III, Ariadne Getty, Balthazar Getty | 5.4 (2015) | Getty Oil | United States |
| Erdemoğlu | İbrahim Erdemoğlu, Ali Erdemoğlu | 5.3 (2024) | SASA Polyester (carpet) | Turkey |
| Bouygues | Martin Bouygues, Olivier Bouygues | 5.2 (2024) | Bouygues Group | France |
| Tung Chee Hwa and Chee Chen | 5.2 (2017) | Shipping | Hong Kong |
| Freudenberg | Carl Johann Freudenberg, Reinhart Freudenberg, Wolfram Freudenberg, Martin Wentzler | 5.2 (2017) | Freudenberg Group | Germany |
| Shin (Kyuk-ho) family | Shin Dong-bin, Shin Kyuk-ho, Shin Dong-joo, Shin Choon-ho, etc. | 5.0 (2015) | Lotte Group, Nongshim, Pulemil | South Korea |
| Lo | 5 (2017) | Shui On Group | Hong Kong |
| Munjal | Pawan Munjal, Renu Munjal, Suman Munjal (Brijmohan Lall Munjal) | 4.9 (2024) | Hero Group | India |
| Azrieli | David Azrieli, Danna Azrieli, Naomi Azrieli, Sharon Azrieli | 4.8 (2024) | Azrieli Group | Israel Canada |
| Smith | Ryan Smith, Jared Smith, Scott Smith | 4.8 (2024) | Qualtrics | United States |


## Historical

Excluding royal dynasties and land-owning aristocracy, the wealthiest families since the emergence of banking and early capitalism in the Italian Renaissance were:ᶜⁱᵗᵃᵗⁱᵒⁿ ⁿᵉᵉᵈᵉᵈ

* The Rothschild family of bankers became the richest family in the mid-19th century. The family's accumulated wealth has been divided among many descendants, only one of which (Benjamin de Rothschild) was officially recognized as a billionaire. Determining the family's exact wealth has been deemed implausible; conspiracy theories claiming the family is worth trillions of dollars have not been proven.
* The Bardi family of Florence (14th century)
* The Medici family, as owners of the Medici Bank, the richest family in 15th-century Europe.
* The Gondi family of Florence, financial partners of the Medici family in the 15th century.
* The Fugger family of mercantile bankers and venture capitalists, the richest family in the 16th century.
* The Welser family, alongside the Fugger one of the most important families of merchant bankers in 16th-century Europe.
* The Baring family, owners of an important merchant bank in London in the 18th to 19th centuries.
* The Schröder family, a leading Hanseatic family of Hamburg in the 18th to 19th centuries.
* The Goldman–Sachs family, owners of the Goldman Sachs investment bank from 1869 to 1912.
* The Venetian noble houses, notably the Contarini, Cornaro, Dandolo, Giustinian, Loredan, Mocenigo, and Morosini families, monopolised pre-modern trade while ruling the Venetian Republic as a mercantile oligarchy.
