List of banks in Poland


# List of banks in Poland



This is a list of banks operating in Poland, based on supervisory by Polish Financial Supervision Authority (Komisja Nadzoru Finansowego) and/or member of Polish Bank Association (Związek Banków Polskich)


## Development bank

* Bank Gospodarstwa Krajowego

## Commercial and retail banks

| Full name | Call name | SWIFT code | Majority owner | Capital | Website |
| --- | --- | --- | --- | --- | --- |
| Alior Bank S.A. | Alior Bank | ABLPPLPW | Powszechny Zakład Ubezpieczeń | aliorbank.pl |
| BNP Paribas Bank Polska S.A. | BNP Paribas | PPABPLPK | BNP Paribas S.A. | bnpparibas.pl |
| Getin Noble Bank S.A. | Getin Bank | GBGCPLPK | getinbank.pl |
| mBank S.A. | mBank | BREXPLPW | Commerzbank AG | mbank.pl |
| Bank Handlowy w Warszawie S.A. | citi handlowy | CITIPLPX | Citibank, N.A. | citibank.pl |
| Bank Millennium S.A. | Bank Millennium | BIGBPLPW | Banco Comercial Português S.A. | bankmillennium.pl |
| Bank Ochrony Środowiska S.A. | BOŚ Bank | EBOSPLPW | NFOŚiGW | bosbank.pl |
| Bank Pocztowy S.A. | Bank Pocztowy | POCZPLP4 | Poczta Polska S.A. | pocztowy.pl |
| Bank Polska Kasa Opieki S.A. | Bank Pekao | PKOPPLPW | Powszechny Zakład Ubezpieczeń | pekao.com.pl |
| Bank Polskiej Spółdzielczości S.A. | Bank BPS | POLUPLPR | Grupa BPS | bankbps.pl |
| Crédit Agricole Bank Polska S.A. | Crédit Agricole | AGRIPLPR | Crédit Agricole S.A. | credit-agricole.pl |
| Deutsche Bank Polska S.A. | Deutsche Bank | DEUTPLPX | Deutsche Bank AG | db.com/poland |
| DNB Bank Polska S.A. | DNB | MHBFPLPW | DNB ASA | dnb.pl |
| ING Bank Śląski S.A. | ING | INGBPLPW | ING Bank N.V. | ing.pl |
| Nest Bank S.A. | Nest! | NESBPLPW | AnaCap Financial Partners | nestbank.pl |
| Plus Bank S.A. | plus+bank | IVSEPLPP | Polkomtel Sp. z.o.o. | plusbank.pl |
| Powszechna Kasa Oszczędności Bank Polski S.A. | PKO Bank Polski | BPKOPLPW | State Treasury | pkobp.pl |
| SGB-Bank S.A. | SGB | GBWCPLPP | sgb.pl |
| Santander Bank Polska S.A. | Santander | WBKPPLPP | Banco Santander, S.A. | santander.pl |


## Mortgage banks

| Name | SWIFT code | Majority owner | Capital | Website |
| --- | --- | --- | --- | --- |
| Millennium Bank Hipoteczny S.A. | Bank Millennium S.A. | millenniumbh.pl |
| Pekao Bank Hipoteczny S.A. | HYVEPLP2 | Bank Polska Kasa Opieki S.A. | pekaobh.pl |
| PKO Bank Hipoteczny S.A. | BPKHPLPG | PKO Bank Polski S.A. | pkobh.pl |
| ING Bank Hipoteczny S.A. | INGBPLPH | ING Bank Śląski S.A. | inghipoteczny.pl |
| Santander Consumer Bank S.A. | SCFBPLPW | Santander Bank Polska S.A. | santanderconsumer.pl |
| mBank Hipoteczny S.A. | RHBHPLPW | mBank S.A. | mhipoteczny.pl |
| Bank BPH S.A. | BPHKPLPK | General Electric | bph.pl |
| Bank Nowy BFG S.A. | POLUPLPR | Wielkopolski Bank Spółdzielczy | banknowybfg.pl |
| Toyota Bank Polska S.A. | TOBAPLPW | Toyota Financial Services | toyotabank.pl |


## Branch of foreign banks

All corporate names ended with "Oddział w Polsce".

| Full name | Call name | SWIFT code | Capital | Website |
| --- | --- | --- | --- | --- |
| American Express SA | American Express | AMEXPLPW |
| AS Inbank SA | Inbank | inbankpolska.pl |
| Bank of America SA | BofA | BOAHPLPX |
| Bank of China (Luxembourg) SA | BoC | BKCHPLPX | bankofchina.com/pl |
| Banque PSA Finance SA | PSA Finance | e-psafinance.pl |
| BFF S.p.A. SA | BFF | pl.bff.com |
| CaixaBank S.A. (SA) | CaixaBank | CAIXPLPW | caixabank.pl |
| China Construction Bank (Europe) S.A. (SA) | CCB | PCBCPLPW |
| Danske Bank A/S SA | Danske Bank | DABAPLPW | danskeci.com/pl |
| Haitong Bank, SA | Haitong Bank | ESSIPLPX | haitongib.com/pl |
| HSBC Continental Europe (SA) | HSBC | HSBCPLPW | hsbc.pl |
| Ikano Bank AB (publ) SA | Ikano Bank | ikanobank.pl |
| Industrial and Commercial Bank of China (Europe) SA | ICBC | ICBKPLPW | icbc.com.cn |
| Intesa Sanpaolo S.p.A. SA | Intesa Sanpaolo | BCITPLPW | intesasanpaolo.com |
| MUFG Bank (Europe) N.V. SA | MUFG Bank | BOTKPLPW | mufg.jp |
| Raiffeisen Bank International AG SA | Raiffeisen | RCBWPLPW | rbinternational.com.pl |
| RCI Banque S.A. (SA) | RCI Banque | SOGEPLPW | rcibanque.com.pl |
| Skandinaviska Enskilda Banken AB (SA) | SEB | ESSEPLPW | sebgroup.com |
| Société Générale SA | Société Générale | SOGEPLPW | societegenerale.pl |
| Svenska Handelsbanken AB | Handelsbanken | HANDPLPW | handelsbanken.com |
| TF Bank AB Sp. z.o.o. | TF Bank | tfbank.pl |


## Defunct banks

* Idea Bank (taken over by Bank Pekao in 2021)
* Mercedes-Benz Bank Polska (liquidated)
